Area_sqft,bedrooms,baths,age,occupancy,pool,style,fireplace,waterfront,dom,price
741,1,1,18,1,1,1,1,0,6,66500
741,1,1,18,2,1,1,0,0,23,66000
790,1,1,18,1,0,1,1,0,8,68500
2783,2,2,18,1,0,1,1,0,50,102000
1165,2,1,35,2,0,1,0,0,190,54000
2331,2,2,25,1,0,1,1,0,86,143000
1228,2,2,25,3,0,1,1,0,123,98900
1228,2,2,25,2,0,1,1,0,137,98350
1228,2,2,25,2,0,1,1,0,168,98847
1228,2,2,25,2,0,1,1,0,135,98900
1228,2,2,25,2,0,1,1,0,132,101313
1520,2,2,18,1,0,1,0,0,33,125000
1440,2,2,25,3,0,1,1,0,113,62500
1001,2,2,25,1,0,1,0,0,96,92000
1438,2,1,45,1,0,1,0,0,30,120000
956,2,1,35,2,0,1,0,0,51,23000
1080,2,1,63,2,0,1,0,0,8,22654
1745,2,1,45,1,0,1,0,0,41,95000
971,2,1,45,2,0,1,0,0,176,64900
1303,2,1,45,2,0,1,0,0,329,75000
1590,2,1,35,2,0,1,0,0,65,68000
933,2,1,45,2,0,1,0,0,3,23000
850,2,1,63,2,0,1,0,0,4,40101
2332,2,2,25,1,0,1,0,0,66,93000
1562,2,1,35,2,0,1,0,0,83,58500
1452,3,2,18,2,0,1,0,0,14,103500
2890,3,2,25,1,1,1,1,0,15,102565
2419,3,2,18,2,0,1,0,0,46,97900
1808,3,2,18,1,0,1,0,0,7,99000
1396,3,2,35,1,0,1,0,0,27,82000
2216,3,2,5,1,0,1,1,0,11,171500
1425,3,2,18,2,0,1,1,0,0,135900
2291,3,2,25,2,0,1,1,0,7,80001
2024,3,2,5,2,0,1,1,1,10,136000
2560,3,2,2,1,0,1,1,0,149,167500
2246,3,2,5,2,0,1,1,0,97,134000
5814,3,3,63,1,0,1,1,1,3,270000
3835,3,2,63,2,0,1,1,0,48,315000
2870,3,2,13,1,0,1,1,0,32,207000
3128,3,2,63,1,0,1,1,0,37,197500
3060,3,2,45,1,0,1,0,0,7,335000
2918,3,3,63,2,0,1,1,0,263,219000
1936,3,2,45,1,0,1,1,0,11,189900
2610,3,1,45,1,0,1,0,0,77,79900
2446,3,2,45,1,0,1,0,0,70,123400
2590,3,2,45,2,0,1,0,0,21,123000
2910,3,2,45,2,0,1,0,0,45,130500
1304,3,2,45,2,0,1,0,0,22,128000
1342,3,1,35,2,0,1,0,0,380,68000
1090,3,1,35,2,0,1,0,0,168,62000
2989,3,2,45,1,0,1,0,0,50,124000
2191,3,1,45,2,0,1,0,0,32,50000
1393,3,1,45,1,0,1,0,0,43,89900
1912,3,2,45,1,0,1,0,0,8,125000
2126,3,2,45,1,0,1,1,0,66,147000
2666,3,2,45,1,0,1,1,0,10,246000
1286,3,1,35,2,0,1,0,0,25,76000
2135,3,2,25,2,0,1,1,0,46,135000
1400,3,2,35,1,0,1,0,0,26,85000
2272,3,2,35,2,0,1,1,0,34,124900
1956,3,1,35,1,0,1,1,0,34,98900
1644,3,2,35,1,0,1,0,0,24,120000
2692,3,2,35,1,1,1,0,0,57,134000
2707,3,2,25,1,0,1,0,0,21,115495
1404,3,2,45,1,0,1,0,0,32,81900
1111,3,1,35,1,0,1,0,0,1,34000
1519,3,1,35,1,0,1,1,0,20,91500
2100,3,2,25,2,0,1,0,0,17,109200
1370,3,1,35,2,0,1,0,0,49,42000
1819,3,2,35,2,0,1,0,0,5,110000
2545,3,2,35,1,0,1,0,0,92,142000
1511,3,1,25,1,0,1,0,0,6,79900
2403,3,2,25,1,0,1,1,0,80,134900
2468,3,2,25,1,0,1,1,0,30,130000
2367,3,2,25,2,0,1,1,0,85,125000
2461,3,3,25,1,1,1,0,0,51,108000
2496,3,2,25,1,0,1,1,0,9,133000
2301,3,2,25,1,0,1,1,0,15,126000
2200,3,2,25,1,0,1,1,0,26,121900
2453,3,2,25,1,0,1,1,0,52,116000
2876,3,2,25,1,0,1,1,0,44,135000
2523,3,2,25,1,0,1,1,0,31,150000
2534,3,2,25,1,0,1,1,0,130,136400
1790,3,2,25,1,0,1,1,0,11,97500
2703,3,2,25,1,0,1,1,0,39,141000
2495,3,2,18,1,0,1,1,0,68,185000
2009,3,2,35,1,0,1,1,0,112,127000
2824,3,2,25,1,0,1,1,0,73,290000
1485,3,2,25,2,0,1,1,0,89,95700
3266,3,2,25,2,0,1,1,0,8,139900
1358,3,2,25,1,0,1,1,0,35,97500
1337,3,1,25,1,0,1,1,0,121,90900
1411,3,1,25,2,0,1,1,0,13,72500
1965,3,2,25,1,0,1,1,0,11,137500
1843,3,2,18,1,0,1,0,0,5,116000
1897,3,2,13,2,0,1,1,0,140,121500
2486,3,2,18,1,0,1,0,0,7,149900
1467,3,2,18,1,0,1,1,0,78,99000
1453,3,2,18,1,0,1,0,0,8,100000
3157,3,2,18,1,0,1,1,0,21,208000
1296,3,2,18,3,0,1,1,0,60,130000
1800,3,2,25,2,0,1,0,0,35,102500
3264,3,2,18,1,1,1,1,0,5,190000
1996,3,2,18,1,0,1,1,0,17,119400
3453,3,2,13,1,0,1,1,0,2,212500
3682,3,2,13,1,0,1,1,0,8,263000
1879,3,2,13,1,0,1,1,0,72,125000
2071,3,2,13,1,0,1,1,0,16,125000
2132,3,2,13,1,0,1,1,0,60,206500
1979,3,2,8,1,0,1,1,0,22,117500
2469,3,2,8,2,0,1,1,0,19,175000
2681,3,2,8,1,0,1,1,1,56,192500
1615,3,2,8,2,0,1,0,0,192,111900
3052,3,2,8,1,0,1,1,1,33,260000
2332,3,2,8,2,0,1,0,0,37,95000
3125,3,2,8,1,0,1,1,0,10,188000
2083,3,2,8,1,0,1,1,0,61,138900
2207,3,2,8,1,0,1,1,0,76,163000
2007,3,2,8,2,0,1,1,0,6,115000
1995,3,2,8,1,1,1,1,0,49,142900
2201,3,2,8,1,0,1,1,0,30,168500
2128,3,2,8,1,0,1,1,0,32,146000
1843,3,2,8,2,0,1,1,0,5,106000
1848,3,2,8,1,0,1,1,0,176,124400
1372,3,2,8,1,0,1,1,0,7,124000
2636,3,2,8,1,0,1,1,0,8,177500
2228,3,2,1,2,0,1,1,0,77,149900
2302,3,2,8,1,0,1,1,0,28,161500
1992,3,2,8,1,0,1,1,0,70,142900
2415,3,2,5,1,0,1,1,0,30,161900
1514,3,2,8,1,0,1,0,0,11,100900
2444,3,2,8,1,0,1,1,0,42,146400
2016,3,2,5,1,0,1,0,0,5,113700
1588,3,2,5,3,0,1,0,0,51,171000
2325,3,2,5,1,1,1,1,0,24,168000
2135,3,2,5,1,0,1,1,0,37,149000
1882,3,2,5,2,0,1,1,0,77,125000
1617,3,2,5,2,0,1,0,0,40,75000
2127,3,2,2,2,0,1,0,0,59,125000
2062,3,2,5,1,1,1,1,1,18,130900
1970,3,2,5,1,0,1,0,0,11,109500
1716,3,2,5,1,0,1,0,0,8,103900
2131,3,2,5,1,0,1,1,0,11,127800
2200,3,2,2,1,0,1,1,0,122,219000
2084,3,2,2,2,0,1,1,0,12,110050
2342,3,2,2,2,0,1,1,0,27,206000
1741,3,2,2,2,0,1,0,0,175,95000
2044,3,2,2,1,0,1,1,0,147,122000
3041,3,2,2,1,0,1,1,0,70,214000
1700,3,2,2,1,0,1,1,1,4,115900
2312,3,2,2,1,0,1,0,0,7,122900
2072,3,2,2,1,0,1,1,0,20,129900
2348,3,2,2,1,0,1,1,0,44,155536
2342,3,2,2,1,0,1,1,0,50,169900
2522,3,2,1,2,0,1,1,0,133,153900
1707,3,2,2,1,0,1,1,0,6,107900
2122,3,2,2,2,0,1,0,0,21,131000
2103,3,2,2,2,0,1,1,0,18,114500
1805,3,2,2,1,0,1,0,0,57,114900
1980,3,2,2,2,0,1,0,0,460,130000
2122,3,2,1,2,0,1,0,0,390,135500
2462,3,2,1,2,0,1,1,0,221,157900
2420,3,2,1,2,0,1,1,1,447,161000
1840,3,2,1,2,0,1,1,0,7,124900
1864,3,2,1,2,0,1,1,0,84,120000
1864,3,2,1,2,0,1,1,0,57,124175
2174,3,2,1,2,0,1,1,0,154,165900
2135,3,2,1,1,0,1,0,0,36,207255
2977,3,2,1,2,0,1,1,0,276,252900
2879,3,2,1,2,0,1,1,0,88,226900
1873,3,2,1,2,0,1,1,0,163,132000
1921,3,2,1,2,0,1,1,0,155,124900
1405,3,2,1,2,0,1,0,0,51,135900
2376,3,2,1,2,0,1,1,0,34,158000
2211,3,2,1,2,0,1,1,0,1,154650
2813,3,2,13,2,0,1,1,0,10,188900
2076,3,2,5,2,0,1,0,0,17,175000
2010,3,2,1,2,0,1,0,0,2,162900
2554,3,2,45,1,0,1,1,0,162,115900
2145,3,2,25,1,0,1,1,0,40,109000
1806,3,2,18,1,0,1,1,0,36,110000
1745,3,1,35,1,0,1,0,0,11,100300
2623,3,2,25,1,0,1,0,0,22,126900
1401,3,1,35,1,0,1,0,0,4,92000
2037,3,2,25,1,0,1,0,0,26,98400
1589,3,2,25,2,0,1,0,0,11,66000
1501,3,1,35,2,0,1,0,0,10,93300
1588,3,2,25,2,0,1,0,0,101,89000
1584,3,2,25,1,0,1,1,0,34,97500
1945,3,2,25,1,0,1,1,0,44,110000
2166,3,2,25,1,0,1,1,0,30,113000
1495,3,2,25,1,0,1,0,0,10,99900
2296,3,2,35,3,0,1,0,0,60,98500
1927,3,2,25,2,0,1,0,0,93,105000
1964,3,2,25,1,0,1,1,0,96,112000
2773,3,2,25,1,0,1,1,0,24,116300
2113,3,2,25,1,1,1,1,0,16,119000
2452,3,2,18,1,0,1,1,0,7,143000
2303,3,2,25,1,0,1,1,0,44,116000
2940,3,2,35,1,0,1,1,0,36,186000
2247,3,2,8,1,0,1,1,0,49,142500
1541,3,2,13,1,0,1,0,0,9,138500
2712,3,2,25,2,0,1,1,0,22,149500
1510,3,2,18,2,0,1,1,0,21,106000
2212,3,2,18,2,0,1,1,0,47,111500
1548,3,2,8,2,0,1,1,0,18,144500
2055,3,2,25,2,0,1,0,0,38,120500
1860,3,2,35,1,0,1,0,0,0,109900
1989,3,2,18,2,0,1,1,0,83,109500
1350,3,2,8,2,0,1,1,0,47,119000
2447,3,2,35,2,0,1,1,0,92,103000
2800,3,2,25,2,1,1,1,0,6,139900
2389,3,2,13,2,0,1,1,0,35,144000
3624,3,2,25,1,0,1,1,0,322,151900
2388,3,2,45,1,0,1,0,0,58,112400
2490,3,2,35,1,0,1,0,0,135,119900
2481,3,2,35,1,0,1,0,0,55,138000
2681,3,2,35,2,0,1,1,0,100,137000
2412,3,2,25,2,0,1,1,0,27,127000
2130,3,2,35,2,0,1,0,0,12,118830
2294,3,3,35,2,0,1,0,0,19,75000
1231,3,1,35,2,0,1,0,0,44,82300
2205,3,2,35,2,0,1,0,0,38,115000
2701,3,2,35,2,0,1,0,0,6,129000
1887,3,2,45,2,0,1,0,0,35,98300
876,3,1,45,2,0,1,0,0,46,60000
2645,3,1,35,1,0,1,1,0,7,119900
2482,3,2,25,1,0,1,1,0,124,119500
2011,3,2,25,1,0,1,1,0,18,127000
1421,3,1,25,1,0,1,0,0,42,85000
1460,3,2,25,1,0,1,0,0,8,98500
1591,3,2,35,1,0,1,0,0,51,89000
2827,3,2,35,1,0,1,0,0,67,103000
2005,3,2,25,1,0,1,0,0,71,110000
3153,3,2,35,2,0,1,1,0,46,103000
2282,3,2,25,2,0,1,1,0,25,119900
2086,3,2,1,2,0,1,1,0,3,134000
2120,3,2,45,2,0,1,0,0,10,80000
1015,3,1,45,2,0,1,0,0,11,41500
1321,3,2,45,2,0,1,0,0,4,67500
1330,3,1,25,2,0,1,0,0,28,77500
1376,3,1,35,2,0,1,0,0,139,70500
1974,3,1,35,2,0,1,0,0,387,87000
1865,3,2,25,2,0,1,0,0,65,59895
1489,3,1,35,2,0,1,0,0,12,42000
2917,3,2,25,1,0,1,1,0,5,124900
1562,3,2,25,1,0,1,0,0,7,85000
1393,3,1,35,2,0,1,0,0,90,57000
1963,3,1,45,2,0,1,0,0,40,93000
2678,3,2,8,1,0,1,1,0,44,186900
1889,3,2,25,1,0,1,1,0,42,122000
2156,3,2,25,1,0,1,1,0,19,132000
3029,3,2,25,1,0,1,1,0,56,135000
1483,3,2,18,1,0,1,0,0,71,103500
2196,3,2,25,1,0,1,0,0,8,102500
2430,3,2,25,1,0,1,0,0,19,125000
2051,3,2,25,1,0,1,0,0,31,130000
1595,3,2,25,1,0,1,0,0,31,137900
1203,3,1,35,1,0,1,0,0,6,72500
2360,3,2,18,2,0,1,1,0,89,138900
1858,3,2,25,2,0,1,1,0,349,109900
3555,3,2,25,2,0,1,1,0,16,224900
1896,3,2,1,2,0,1,1,0,99,114000
1765,3,2,25,2,0,1,0,0,15,152500
2135,3,2,25,1,0,1,1,0,48,148500
1389,3,2,25,1,0,1,1,0,20,119000
1296,3,2,18,2,0,1,0,0,1,132500
2087,3,2,63,1,0,1,1,0,4,287500
2628,3,3,45,1,0,1,1,0,7,190000
3310,3,2,45,1,0,1,1,0,155,172500
2200,3,2,25,1,0,1,1,0,186,105000
1763,3,1,35,2,0,1,0,1,95,61500
3027,3,2,45,1,0,1,1,0,79,148000
2466,3,2,35,1,0,1,0,0,21,94900
2292,3,2,45,1,0,1,0,0,240,63000
1277,3,2,5,2,0,1,0,0,21,65500
1377,3,2,63,2,0,1,0,0,15,87000
2876,3,2,45,1,0,1,1,0,2,149000
3329,3,2,35,1,0,1,0,0,9,120000
1131,3,1,63,3,0,1,0,0,0,60000
1847,3,2,35,2,0,1,0,0,11,57500
1236,3,1,35,2,0,1,0,0,43,66000
1837,3,1,63,2,0,1,0,0,126,69900
1400,3,2,35,2,0,1,0,0,0,82900
1801,3,1,35,2,0,1,0,0,72,45900
810,3,1,35,2,0,1,0,0,27,55500
1579,3,1,45,2,0,1,0,0,32,33000
1482,3,1,45,2,0,1,0,0,21,52900
1590,3,1,45,3,0,1,1,0,171,31000
2041,3,2,45,3,0,1,0,0,42,95000
2238,3,2,18,1,0,1,1,0,3,140000
1590,3,2,35,1,0,1,1,0,27,120459
1380,3,2,8,1,0,1,0,0,10,70300
1668,3,2,18,2,0,1,1,0,6,142900
1714,3,1,35,2,0,1,1,0,33,35000
1965,3,2,63,2,1,1,0,0,210,165000
1916,3,2,25,1,0,1,0,0,121,78000
1958,3,2,2,1,0,1,1,0,49,128000
1383,3,2,25,2,0,1,1,0,14,60000
2026,3,2,5,1,0,1,0,0,0,144500
2595,3,2,8,1,0,1,1,1,4,169900
1862,3,2,8,1,0,1,1,1,29,127000
1613,3,2,8,1,0,1,1,0,31,143000
1668,3,2,8,1,0,1,1,0,74,153000
2477,3,2,8,1,0,1,1,0,1,170000
2268,3,2,8,1,0,1,0,0,11,172000
2090,3,2,13,2,0,1,1,0,14,112900
2374,3,2,1,2,0,1,1,0,203,176900
2353,3,2,13,2,0,1,1,0,77,130000
1811,3,2,8,2,0,1,0,0,15,64000
1386,3,1,25,2,0,1,0,0,70,63000
900,3,1,35,3,0,1,0,0,40,36000
1763,3,1,45,2,0,1,0,0,17,62500
1800,3,2,63,2,0,1,0,0,38,63000
1810,3,2,35,1,0,1,1,0,255,146000
1801,3,2,45,1,0,1,1,0,97,95000
1500,3,2,25,2,0,1,0,0,27,93900
1414,3,1,35,2,0,1,0,0,279,22000
3299,3,2,25,1,0,1,1,0,13,114000
2136,3,2,8,1,0,1,1,0,103,143000
1696,3,2,2,1,0,1,1,0,20,113000
1757,3,2,8,1,1,1,1,0,219,155000
1914,3,2,2,1,0,1,0,0,35,135000
2134,3,2,1,2,0,1,1,0,73,128000
1851,3,2,8,2,0,1,1,0,13,128900
2246,3,2,25,2,0,1,1,0,9,103000
1601,3,2,1,2,0,1,1,0,168,168000
1150,3,2,1,2,0,1,0,0,3,109275
1346,3,2,18,2,0,1,0,0,31,92000
2320,3,2,25,2,0,1,0,0,84,117000
2467,3,2,1,2,0,1,0,0,0,146715
2458,3,2,1,2,0,1,0,0,239,150900
2459,3,2,1,2,0,1,0,0,271,154650
2458,3,2,1,2,0,1,0,0,290,157500
2459,3,2,1,2,0,1,0,0,0,165330
1615,3,2,25,2,0,1,0,0,2,62241
2379,3,2,1,2,0,1,0,0,233,129000
4033,3,4,25,1,1,1,1,0,22,287500
1162,3,1,25,1,0,1,0,0,43,84500
2798,3,2,25,1,0,1,1,0,188,118000
2226,3,2,8,1,0,1,1,0,151,131900
1977,3,2,2,1,0,1,1,0,43,120500
1937,3,2,2,1,0,1,1,0,25,137500
1009,3,1,35,1,1,1,0,0,10,79900
1937,3,2,2,1,0,1,0,0,88,114000
1933,3,2,2,1,0,1,0,0,15,118000
1341,3,1,18,1,0,1,0,0,6,91500
1594,3,1,35,1,0,1,0,0,177,75000
1183,3,2,18,2,0,1,0,0,11,80000
1772,3,2,1,2,0,1,0,0,0,103100
1960,3,2,1,2,0,1,0,0,218,113400
2087,3,2,1,2,0,1,0,0,1,122700
2348,3,2,1,2,0,1,0,0,0,126600
2348,3,2,1,2,0,1,0,0,0,126600
1670,3,2,1,2,0,1,0,0,0,102800
1937,3,2,1,2,0,1,0,0,30,111800
1933,3,2,1,2,0,1,0,0,0,111900
1960,3,2,1,2,0,1,0,0,103,113500
1933,3,2,1,2,0,1,0,0,21,114500
1977,3,2,1,2,0,1,0,0,133,121300
2087,3,2,1,2,0,1,0,0,0,123200
2105,3,2,1,2,0,1,0,0,212,123800
2182,3,2,1,2,0,1,0,0,64,128600
2348,3,2,1,2,0,1,0,0,0,129800
2348,3,2,1,2,0,1,0,0,0,129800
2348,3,2,1,2,0,1,0,0,3,129900
2379,3,2,1,2,0,1,0,0,51,131800
2348,3,2,1,2,0,1,0,0,75,132600
2348,3,2,1,2,0,1,0,0,39,133400
2827,3,2,1,2,0,1,0,0,122,157900
2447,3,2,35,2,1,1,0,0,7,115000
2419,3,2,25,2,0,1,0,0,0,67500
1556,3,1,1,2,0,1,0,0,36,100000
1886,3,2,1,2,0,1,0,0,143,109300
2379,3,2,1,2,0,1,0,0,149,128200
2087,3,2,1,2,0,1,0,0,0,122100
1937,3,2,1,2,0,1,0,0,184,110800
1933,3,2,1,2,0,1,0,0,191,111900
1933,3,2,1,2,0,1,0,0,119,113100
2182,3,2,1,2,0,1,0,0,209,129400
2095,3,2,25,1,0,1,1,0,3,104000
1486,3,1,35,1,0,1,1,0,163,80000
2565,3,2,18,1,0,1,0,0,134,103500
1349,3,2,35,1,0,1,0,0,25,72190
1680,3,1,35,1,0,1,0,0,70,98000
1300,3,1,25,1,0,1,0,0,199,85000
2037,3,2,35,1,0,1,0,0,26,86000
4046,3,3,35,1,0,1,0,0,185,210000
1418,3,1,25,1,0,1,0,0,10,86000
2376,3,1,45,2,0,1,1,0,91,102000
1130,3,1,35,2,0,1,1,0,74,45000
1917,3,2,18,2,0,1,1,0,52,89100
1336,3,1,35,2,0,1,0,0,42,60000
1394,3,1,18,2,0,1,0,0,21,72000
1358,3,2,18,2,0,1,0,0,39,89000
1700,3,2,35,2,0,1,0,0,13,51500
1433,3,1,35,2,0,1,0,0,220,76000
1178,3,1,35,2,0,1,0,0,44,76000
1266,3,1,35,2,0,1,0,0,25,73500
1215,3,2,8,1,0,1,1,0,86,112900
1910,3,2,8,1,0,1,1,0,58,116900
1952,3,2,8,1,0,1,1,0,68,121000
1308,3,2,8,1,0,1,1,0,7,122000
1744,3,2,8,1,0,1,1,0,72,114000
2215,3,2,13,2,0,1,1,0,10,118750
1152,3,2,5,2,0,1,0,0,11,98500
1236,3,2,35,2,0,1,0,0,301,69000
1300,3,1,35,2,0,1,1,0,177,45000
2170,3,2,13,2,0,1,0,0,21,131000
3013,4,2,25,1,0,1,1,0,122,184300
2905,4,2,35,1,0,1,0,0,26,137500
4688,4,3,63,2,0,1,1,0,139,265000
2193,4,2,45,2,0,1,1,0,26,114000
2789,4,2,63,2,0,1,0,0,261,153000
2669,4,2,35,1,0,1,1,0,71,144000
2550,4,2,35,1,0,1,0,0,124,118500
2573,4,2,35,2,0,1,0,0,45,135000
3657,4,2,35,1,1,1,1,0,116,159900
3810,4,3,35,1,0,1,0,0,3,183500
2936,4,2,35,1,0,1,1,0,16,142900
3123,4,2,35,1,0,1,1,0,78,197000
3078,4,2,35,1,0,1,1,0,7,182500
2457,4,2,25,1,0,1,0,0,8,119900
2800,4,2,25,1,0,1,1,0,13,150000
1931,4,2,25,2,0,1,0,0,33,126000
4244,4,3,25,1,1,1,0,0,29,237000
2267,4,2,25,1,0,1,1,0,71,175000
5673,4,4,25,1,1,1,1,1,46,617000
2605,4,2,25,1,0,1,0,0,7,163000
3280,4,2,25,2,0,1,1,0,46,162000
5216,4,3,25,1,1,1,1,1,365,230000
2978,4,2,25,2,0,1,1,0,55,118000
5736,4,3,25,1,1,1,1,1,133,419900
2432,4,2,25,1,0,1,1,0,45,178000
3088,4,2,25,1,0,1,1,0,37,200000
3179,4,3,25,2,0,1,0,0,123,154000
3279,4,2,25,1,1,1,1,0,40,184700
4681,4,4,25,1,1,1,1,0,53,275000
2518,4,2,25,2,0,1,1,0,8,116500
3323,4,2,18,2,1,1,1,0,4,170000
3594,4,2,18,1,0,1,1,0,68,184000
2353,4,2,18,2,1,1,1,0,49,177000
4020,4,3,13,1,0,1,1,0,114,258000
3122,4,2,13,1,0,1,1,0,34,214000
3670,4,3,13,1,1,1,1,0,13,285500
3812,4,3,13,1,0,1,1,0,3,325000
2076,4,3,13,1,0,1,0,0,107,170000
3438,4,2,13,2,0,1,1,0,318,193500
2923,4,2,13,1,0,1,1,0,12,195500
4133,4,3,13,1,0,1,1,1,57,336000
3122,4,3,8,1,0,1,1,0,33,254000
3222,4,2,8,2,0,1,1,0,74,204000
2642,4,2,8,1,0,1,1,0,80,196900
2760,4,2,8,2,1,1,1,0,1,168000
4215,4,3,8,1,0,1,1,0,58,290000
2517,4,2,8,1,0,1,1,0,15,163500
2083,4,2,8,1,1,1,0,0,34,128000
2235,4,2,5,1,0,1,1,0,18,154000
3251,4,3,5,1,0,1,1,0,125,255000
3972,4,2,5,1,0,1,1,0,128,344900
4255,4,3,5,1,1,1,1,0,49,302000
3983,4,3,5,1,0,1,1,1,89,280000
4325,4,3,5,1,0,1,1,0,9,355000
2948,4,3,5,1,0,1,1,0,6,143900
2226,4,2,2,1,0,1,1,0,67,187400
2532,4,2,2,1,0,1,1,1,227,142000
3535,4,3,2,1,0,1,1,0,147,392250
4411,4,3,2,1,1,1,1,0,20,440000
3060,4,3,2,1,0,1,1,0,199,229900
2122,4,2,2,1,0,1,0,0,110,144500
2280,4,2,1,2,0,1,1,0,420,142000
2866,4,3,1,2,0,1,1,0,301,242900
3039,4,2,1,2,0,1,1,0,223,221000
2280,4,2,1,2,0,1,1,0,406,147000
3600,4,3,1,2,0,1,1,1,118,318600
1886,4,2,1,2,0,1,1,0,44,126900
3010,4,2,1,2,0,1,1,0,51,286000
2624,4,2,1,2,0,1,1,0,66,168075
3557,4,3,1,2,0,1,1,0,76,268900
2376,4,2,1,2,0,1,1,1,241,159850
1954,4,2,1,2,0,1,0,1,139,126500
3993,4,2,25,1,0,1,1,0,114,180000
3234,4,2,25,1,1,1,1,0,15,175000
3731,4,3,18,1,0,1,1,1,77,295000
5858,4,3,8,2,0,1,1,1,157,675000
2669,4,2,25,1,0,1,1,0,9,164900
3094,4,2,8,1,0,1,1,0,1,227500
1872,4,2,25,1,0,1,0,0,8,118900
2373,4,2,25,1,0,1,0,0,86,137800
3593,4,2,25,1,1,1,1,0,516,158000
3206,4,2,13,1,0,1,1,0,101,248900
3150,4,2,25,1,0,1,1,0,33,137900
3262,4,2,8,1,0,1,1,0,53,227500
2948,4,2,25,1,0,1,1,0,94,175000
3171,4,2,18,1,0,1,1,0,216,182500
3333,4,3,25,2,0,1,1,0,144,219900
2830,4,2,35,2,0,1,0,0,36,119637
3756,4,2,35,1,0,1,0,0,118,175000
2171,4,2,35,2,0,1,1,0,49,148900
2210,4,3,25,2,0,1,0,0,196,136000
4130,4,2,45,2,0,1,0,0,15,139900
3425,4,2,35,1,0,1,1,1,7,150000
2770,4,2,45,2,0,1,0,0,26,128900
1970,4,1,35,2,0,1,1,0,70,64900
2457,4,2,13,1,1,1,1,0,9,243900
3133,4,3,8,1,0,1,1,0,51,400000
2802,4,4,35,1,0,1,1,0,41,315000
6213,4,5,25,1,1,1,1,0,418,360000
3168,4,2,8,1,0,1,0,0,30,230000
4315,4,2,25,2,0,1,1,0,60,210000
6119,4,4,63,1,0,1,1,0,256,600000
2532,4,2,63,2,0,1,0,0,1,173000
2176,4,2,63,1,0,1,0,0,19,80000
1949,4,2,45,2,0,1,1,0,95,71000
2027,4,2,8,1,0,1,1,0,14,199000
3368,4,2,1,1,0,1,1,0,135,226000
1976,4,2,35,2,0,1,0,0,29,133000
2072,4,2,25,2,0,1,1,0,11,85000
2848,4,3,13,1,1,1,1,1,133,240000
3137,4,2,5,1,0,1,1,0,169,225000
3172,4,3,5,1,0,1,1,0,27,239900
2350,4,2,2,1,0,1,1,0,16,178950
3390,4,2,1,2,0,1,1,0,223,207249
2696,4,2,13,1,0,1,0,0,174,167000
3370,4,3,2,1,0,1,1,0,117,246000
2411,4,2,25,1,0,1,0,0,75,90000
1463,4,2,25,3,0,1,1,0,25,87500
2523,4,2,1,2,0,1,0,0,11,158900
2502,4,2,1,2,0,1,0,0,77,159691
2816,4,3,1,2,0,1,0,0,0,180221
2985,4,2,1,2,0,1,0,0,0,181900
2019,4,1,25,3,0,1,0,0,21,106500
2240,4,2,5,1,0,1,1,0,91,136900
2768,4,2,2,1,0,1,1,0,16,174000
2418,4,2,1,2,0,1,0,0,0,133400
2418,4,2,1,2,0,1,0,0,0,134600
2536,4,2,1,2,0,1,0,0,111,146000
2842,4,2,1,2,0,1,0,0,97,152400
2418,4,2,1,2,0,1,0,0,144,134300
2222,4,2,35,2,0,1,0,0,150,120000
2418,4,2,1,2,0,1,0,0,0,134200
2418,4,2,1,2,0,1,0,0,0,134600
2418,4,2,1,2,0,1,0,0,47,135700
2418,4,2,1,2,0,1,0,0,0,136200
2418,4,2,1,2,0,1,0,0,36,136900
2932,4,2,1,2,0,1,0,0,221,154600
2932,4,2,1,2,0,1,0,0,0,154600
2842,4,2,1,2,0,1,0,0,80,155615
2980,4,2,1,2,0,1,0,0,134,164300
2980,4,2,1,2,0,1,0,0,126,165800
3382,4,3,1,2,0,1,0,0,41,189801
1485,4,2,1,2,0,1,0,0,26,94900
2418,4,2,1,2,0,1,0,0,0,133000
2418,4,2,1,2,0,1,0,0,2,133800
2418,4,2,1,2,0,1,0,0,0,133800
2418,4,2,1,2,0,1,0,0,0,133800
2418,4,2,1,2,0,1,0,0,0,133800
2418,4,2,1,2,0,1,0,0,0,134900
2536,4,2,1,2,0,1,0,0,0,139300
2842,4,2,1,2,0,1,0,0,0,149100
2842,4,2,1,2,0,1,0,0,297,149900
2418,4,2,1,2,0,1,0,0,14,134900
2536,4,2,1,2,0,1,0,0,242,138900
2932,4,2,1,2,0,1,0,0,42,158900
3040,4,2,1,2,0,1,0,0,142,160500
1602,4,2,45,2,0,1,0,0,248,93000
2779,4,2,1,2,0,1,0,0,427,196900
2536,4,2,1,2,0,1,0,0,32,138800
3010,4,2,1,2,0,1,0,0,114,194900
2779,4,2,1,2,0,1,0,0,71,196900
1500,4,1,45,2,0,1,0,0,30,72500
2717,4,2,1,2,0,1,0,0,0,163600
3456,4,3,1,2,0,1,0,0,173,209100
3031,5,3,45,1,0,1,0,0,101,176700
5811,5,3,35,1,1,1,1,0,46,360000
2739,5,3,35,1,0,1,0,0,15,110000
4249,5,3,8,2,1,1,1,0,41,330000
4601,5,3,8,1,1,1,1,0,29,422900
7099,5,5,2,1,0,1,1,0,192,1007000
3116,5,3,1,2,0,1,0,0,0,175900
6194,6,5,8,1,0,1,1,1,14,425000
5803,8,1,63,1,0,1,0,0,673,125000
1910,2,2,25,2,0,2,0,0,77,101500
1495,2,2,25,2,0,2,1,0,14,56000
1210,2,2,18,2,0,2,1,0,216,60150
1291,2,2,8,2,1,2,1,0,26,127000
1310,2,2,1,3,1,2,0,0,0,149900
1408,2,2,2,2,1,2,0,0,0,149900
1088,2,1,18,3,0,2,0,0,14,94900
1088,2,1,18,3,0,2,0,0,29,94900
1088,2,1,18,3,0,2,0,0,10,94900
1088,2,1,18,3,0,2,0,0,17,94900
1088,2,1,18,3,0,2,0,0,15,94900
1088,2,1,18,3,0,2,0,0,6,95900
1088,2,1,18,3,0,2,0,0,2,95900
1088,2,1,18,3,0,2,0,0,79,95900
1088,2,1,18,3,0,2,0,0,26,95900
1088,2,1,18,3,0,2,0,0,18,95900
1088,2,1,18,3,0,2,0,0,30,95900
1088,2,1,18,3,0,2,0,0,47,95900
1088,2,1,18,3,0,2,0,0,13,95900
1088,2,1,18,3,0,2,0,0,45,95900
1088,2,1,18,3,0,2,0,0,51,95900
1088,2,1,18,3,0,2,0,0,6,95900
1088,2,1,18,3,0,2,0,0,34,95900
1088,2,1,18,3,0,2,0,0,22,95900
1088,2,1,18,3,0,2,0,0,20,95900
1088,2,1,18,3,0,2,0,0,19,95900
1088,2,1,18,3,0,2,0,0,53,95900
1088,2,1,18,3,0,2,0,0,79,95900
1088,2,1,18,3,0,2,0,0,19,95900
1088,2,1,18,3,0,2,0,0,22,95900
1088,2,1,18,3,0,2,0,0,45,95900
1088,2,1,18,3,0,2,0,0,3,95900
1088,2,1,18,3,0,2,0,0,43,95900
1088,2,1,18,3,0,2,0,0,6,95900
1088,2,1,18,3,0,2,0,0,1,95900
1088,2,1,18,3,0,2,0,0,17,97900
1875,2,2,25,2,0,2,1,0,12,109900
1088,2,1,18,2,0,2,0,0,11,94900
1088,2,1,18,2,0,2,0,0,34,94900
1088,2,1,18,2,0,2,0,0,24,94900
1088,2,1,18,2,0,2,0,0,14,94900
1088,2,1,18,2,0,2,0,0,32,94900
1088,2,1,18,2,0,2,0,0,481,95900
1088,2,1,18,2,0,2,0,0,1,95900
1088,2,1,18,2,0,2,0,0,17,95900
1088,2,1,18,2,0,2,0,0,32,95900
1088,2,1,18,2,0,2,0,0,31,95900
1656,2,2,25,1,0,2,1,0,6,82500
1976,2,2,2,2,0,2,1,1,27,140000
1734,2,2,18,1,0,2,1,0,10,74900
1130,2,2,25,1,0,2,0,0,34,55000
1160,2,2,18,2,0,2,1,0,345,59500
1618,2,2,18,2,0,2,1,0,74,80500
1243,2,2,25,2,0,2,1,0,20,64500
1759,2,2,18,1,0,2,1,0,43,86000
1241,2,2,25,2,0,2,1,0,94,100000
1558,2,1,18,1,0,2,1,0,148,96300
1628,2,1,25,1,0,2,0,0,149,90000
1059,2,2,18,3,1,2,1,0,20,87000
1565,2,1,13,2,0,2,1,0,44,92000
1120,2,1,18,2,0,2,0,1,7,110000
1172,2,2,18,3,0,2,1,0,28,102000
1600,3,3,2,3,1,2,0,0,5,164900
2000,3,2,1,2,0,2,1,1,333,139900
2040,3,2,25,1,0,2,0,0,19,147000
1900,3,2,25,2,1,2,1,0,31,150000
2437,3,2,8,1,1,2,1,0,10,210000
1980,3,2,18,2,0,2,1,0,11,130000
2060,3,2,18,1,0,2,1,0,56,142000
2788,3,2,1,2,0,2,1,0,0,249900
1612,2,2,63,1,0,3,0,0,70,89000
2070,2,1,13,2,0,3,0,0,36,105000
1457,3,1,2,2,0,3,0,0,37,69000
2278,3,1,45,1,0,3,0,0,8,99000
1790,3,1,45,2,0,3,0,0,57,73000
1561,3,2,45,2,0,3,0,0,29,140000
2146,3,1,45,2,0,3,1,0,168,129500
2348,3,2,45,1,0,3,1,0,0,172900
1500,3,2,35,2,0,3,0,0,10,138500
2311,3,2,35,1,0,3,0,0,89,105000
2779,3,2,35,2,0,3,1,0,256,140000
2588,3,2,35,2,0,3,0,0,49,132000
1450,3,1,35,1,0,3,0,0,13,65000
3372,3,2,35,1,0,3,1,0,230,135000
1605,3,2,35,2,0,3,0,0,115,95000
2879,3,2,25,1,1,3,0,0,25,114000
1400,3,2,25,2,0,3,0,0,11,51000
1964,3,1,25,1,0,3,1,0,257,110500
2454,3,2,18,1,0,3,1,0,12,118000
2441,3,2,8,2,0,3,1,0,118,153500
1751,3,2,5,1,0,3,1,1,79,182000
2181,3,2,2,1,0,3,1,0,4,165500
1419,3,2,35,1,0,3,0,0,4,72200
2570,3,2,25,2,0,3,1,0,8,180000
2506,3,2,35,2,0,3,1,0,3,95000
1606,3,2,25,1,0,3,1,0,56,125000
2815,3,2,35,1,1,3,0,0,18,156900
2152,3,2,35,1,0,3,0,0,3,119900
2378,3,2,25,2,1,3,0,0,70,110000
1603,3,1,45,2,0,3,1,0,10,74900
3353,3,2,35,2,1,3,1,0,9,182500
3750,3,2,45,1,0,3,1,0,87,122000
2838,3,1,25,1,0,3,0,0,8,97000
2206,3,2,25,1,0,3,1,0,330,118000
1092,3,1,35,2,0,3,0,0,366,22000
2090,3,2,35,2,0,3,0,0,115,59900
1713,3,2,18,2,1,3,0,0,4,100000
1352,3,2,13,1,0,3,1,0,7,100200
2535,3,2,45,1,1,3,1,0,17,104600
1367,3,2,5,1,0,3,1,0,148,126000
2561,4,2,63,2,0,3,0,0,14,82551
1517,4,2,63,1,1,3,0,0,1,121000
1396,4,1,45,2,0,3,0,0,114,78000
3242,4,2,35,1,0,3,1,0,14,158500
2255,4,3,35,2,0,3,1,0,105,101850
3212,4,2,25,1,0,3,1,0,35,169900
1901,4,2,8,1,0,3,1,0,58,148000
2796,4,2,25,1,0,3,1,0,93,107900
3040,4,2,35,2,0,3,1,0,138,149900
3550,4,3,35,2,0,3,0,0,67,157000
2663,4,2,45,2,1,3,0,0,61,154000
3182,4,2,45,1,1,3,1,0,374,150000
1494,4,1,18,2,0,3,0,0,26,40000
2277,4,2,35,2,0,3,1,0,22,82500
3303,5,3,25,1,0,3,1,0,65,160000
1943,2,2,1,2,0,4,1,0,402,169900
2480,3,2,13,1,0,4,1,0,40,160000
4935,3,3,8,1,1,4,1,1,99,610000
915,3,1,25,2,1,4,0,0,120,73000
915,3,1,25,2,1,4,0,0,291,75000
915,3,1,25,2,1,4,0,0,134,75000
1200,3,2,25,2,0,4,0,0,280,99000
1200,3,2,25,2,0,4,0,0,107,99000
4834,4,4,1,2,0,4,1,0,400,369900
4925,4,2,25,1,1,4,1,0,15,442500
3577,4,2,25,1,1,4,1,0,21,205900
5138,4,3,8,1,1,4,1,0,12,540000
5582,4,3,13,1,0,4,1,0,187,735000
1200,2,2,18,1,0,6,1,0,95,74000
1913,2,2,25,1,0,6,1,0,165,94000
1395,2,2,18,2,0,6,1,0,41,116000
2076,2,2,25,1,1,6,1,1,28,113000
975,2,2,18,2,0,6,1,0,115,75200
1088,2,1,18,2,0,6,1,0,108,75400
1088,2,1,18,2,0,6,1,0,106,77400
1088,2,1,18,2,0,6,1,0,107,78900
1088,2,1,18,2,0,6,1,0,102,79900
1855,2,2,1,2,0,6,0,0,0,132670
1817,2,2,1,2,0,6,0,0,423,207100
975,2,2,18,2,0,6,0,0,106,75200
1108,2,1,18,2,0,6,0,0,144,77900
1108,2,1,18,2,0,6,0,0,115,77900
1108,2,1,18,2,0,6,0,0,144,77900
2725,3,2,5,2,0,6,1,1,628,175000
2265,3,2,25,1,0,6,1,0,15,136000
1446,3,2,25,1,0,6,1,0,17,105900
2163,3,2,25,3,0,6,0,0,12,106000
1714,3,2,13,1,0,6,1,0,9,121000
1811,3,2,13,1,0,6,1,0,49,112000
2591,3,3,13,2,1,6,1,0,30,225000
2298,3,2,8,2,0,6,0,0,27,138000
2082,3,2,1,2,0,6,0,0,237,141900
2010,3,2,1,2,0,6,1,1,35,152500
1705,3,2,1,2,0,6,0,0,33,107000
1478,3,2,25,2,0,6,1,0,35,127500
2182,3,2,1,2,0,6,0,1,575,159900
3631,3,3,18,1,0,6,1,0,386,340000
2244,3,2,8,1,0,6,1,0,23,170000
3953,4,2,2,1,0,6,1,0,127,245500
3648,3,3,13,1,0,7,1,0,164,330000
2450,3,2,8,1,0,7,1,0,80,225000
2099,3,2,8,1,0,7,1,0,31,140000
2298,3,2,5,1,0,7,1,0,16,168750
2815,3,2,5,2,0,7,1,0,66,213500
2500,3,2,5,1,0,7,1,0,52,182500
2694,3,2,2,1,0,7,1,0,115,206900
2706,3,2,2,1,0,7,1,0,82,229900
2537,3,2,2,1,0,7,1,1,161,236000
1923,3,2,2,1,0,7,1,0,25,214000
2109,3,2,2,1,0,7,1,0,55,212000
3018,3,2,2,1,0,7,1,0,186,196900
2124,3,2,2,1,0,7,1,0,30,147000
3498,3,2,2,1,0,7,1,0,157,226900
2290,3,2,2,1,0,7,1,0,76,155000
2428,3,2,2,1,0,7,1,0,117,134000
2370,3,2,2,2,0,7,1,0,70,146280
2505,3,2,1,2,0,7,1,0,187,204200
1833,3,2,1,2,0,7,0,1,319,176900
2304,3,2,1,2,0,7,1,0,274,152000
2171,3,2,2,1,0,7,1,0,33,142500
2370,3,2,1,2,0,7,1,0,257,167900
2137,3,2,1,2,0,7,1,0,129,135900
2482,3,2,1,1,0,7,1,0,0,169500
2205,3,2,1,2,0,7,1,0,257,140700
2214,3,2,1,2,0,7,1,0,224,143100
2579,3,2,1,2,0,7,1,0,223,154950
2482,3,2,1,2,0,7,1,0,235,170000
2667,3,2,1,2,0,7,1,1,108,169900
2536,3,2,1,2,0,7,1,1,137,170650
2527,3,2,1,2,0,7,1,0,90,182700
1924,3,2,1,2,0,7,1,0,159,130700
2081,3,2,8,1,0,7,1,1,66,160000
1557,3,2,8,2,0,7,1,0,61,106000
2887,3,2,8,2,0,7,1,0,137,203900
2982,3,3,2,1,0,7,1,0,7,299900
1870,3,2,5,1,0,7,1,0,125,124000
1643,3,2,1,2,0,7,1,1,7,161900
1947,3,2,1,2,0,7,1,0,667,215000
1894,3,2,2,1,0,7,1,0,70,130000
4341,4,3,13,1,1,7,1,0,9,307000
3400,4,2,8,2,0,7,1,0,64,239900
3465,4,3,8,1,0,7,1,0,15,236500
1498,4,2,8,2,1,7,1,0,51,128800
3841,4,3,2,1,0,7,1,1,119,375500
2949,4,3,2,1,0,7,1,1,27,249900
3005,4,3,2,1,0,7,1,1,156,228000
3415,4,3,2,1,0,7,1,0,16,257000
3327,4,3,2,1,0,7,1,0,122,268600
2329,4,2,2,1,0,7,1,0,23,167000
2564,4,2,2,1,0,7,1,0,62,220000
5390,4,4,2,1,0,7,1,0,155,875000
2932,4,3,2,1,0,7,1,0,63,198000
2305,4,2,2,1,0,7,1,0,124,160500
2879,4,2,1,2,0,7,1,0,121,209900
3200,4,4,2,1,0,7,1,0,52,315000
3558,4,3,2,1,0,7,1,0,2,284000
7897,4,4,1,1,1,7,1,1,7,1575000
2947,4,3,1,1,0,7,0,1,60,205500
2616,4,2,1,1,0,7,1,0,42,181000
2825,4,3,2,1,0,7,1,0,116,239900
3481,4,2,2,1,0,7,1,0,60,267300
2777,4,2,1,2,0,7,1,0,221,182000
2768,4,2,1,2,0,7,1,0,221,187900
2579,4,2,2,1,0,7,1,0,20,198000
2856,4,3,1,2,0,7,1,1,316,201700
2847,4,3,1,2,0,7,1,0,123,216000
2926,4,2,1,2,0,7,1,0,52,197800
4075,4,3,1,2,0,7,1,1,137,369250
3777,4,3,1,2,0,7,1,0,95,338500
3366,4,3,1,2,0,7,1,0,26,272000
2970,4,2,13,1,0,7,1,0,21,235500
3321,4,2,2,1,0,7,1,0,28,260000
4559,4,4,1,2,0,7,1,1,38,445500
4281,4,3,1,2,0,7,1,0,121,479900
3159,4,3,1,2,0,7,1,0,30,286000
3304,4,2,1,2,0,7,1,0,109,291000
3125,4,2,8,2,0,7,1,0,153,290000
2937,4,3,2,1,0,7,1,1,108,244500
4605,4,3,5,1,0,7,1,0,78,360000
2540,4,2,5,1,0,7,1,0,50,245900
2851,4,2,8,2,0,7,1,0,112,195000
3057,4,3,5,1,0,7,1,1,0,250000
3538,4,3,8,1,0,7,1,0,115,239900
3840,4,2,1,2,0,7,1,0,11,277900
2394,4,2,1,2,0,7,1,0,324,222198
2820,4,3,1,2,0,7,1,0,365,248840
4561,4,3,8,2,0,7,1,0,442,270000
4146,4,3,1,2,0,7,0,0,0,418880
4062,4,3,1,2,0,7,0,0,113,228900
7640,5,4,13,1,0,7,1,1,20,1580000
4327,5,3,5,2,0,7,1,0,71,380000
4625,5,3,5,1,0,7,1,0,11,430000
3942,5,4,5,2,0,7,1,1,50,382000
2737,5,3,2,1,0,7,1,0,133,228500
3611,5,3,1,2,0,7,1,0,294,300000
3405,5,3,1,2,0,7,0,0,131,280544
1277,1,1,63,1,0,8,0,0,140,135000
1239,2,1,45,2,0,8,0,0,540,119600
1267,2,2,63,1,0,8,0,0,47,128500
1500,2,1,63,3,0,8,0,0,3,100000
825,2,1,45,1,0,8,0,0,41,57000
2334,2,1,35,2,0,8,0,0,92,40001
1742,2,1,63,3,0,8,1,0,17,116500
2400,2,1,45,1,0,8,1,0,10,230777
1955,2,1,63,1,0,8,1,0,9,120000
1297,2,1,80,1,0,8,0,0,26,114000
1152,2,1,45,2,0,8,0,0,17,119900
1189,2,1,63,2,0,8,0,0,26,135000
1268,2,1,45,1,0,8,0,0,8,51900
1139,2,1,45,2,0,8,0,0,31,53000
1008,2,1,63,2,0,8,0,0,8,27000
1363,2,1,63,2,0,8,0,0,161,43500
735,2,1,35,2,0,8,0,0,79,50000
1618,2,2,63,2,0,8,0,0,244,32500
1425,2,1,35,1,0,8,0,0,28,52500
1392,2,1,35,1,0,8,0,0,5,61000
1163,2,1,25,1,0,8,0,0,6,60000
838,2,1,45,2,0,8,0,0,8,24000
2451,3,2,63,2,0,8,0,0,1,125000
1918,3,2,80,2,0,8,0,0,0,159000
2056,3,1,63,1,0,8,1,0,100,120000
1305,3,1,35,2,0,8,0,0,209,30000
2069,3,2,25,1,0,8,1,0,77,93700
1488,3,2,25,3,0,8,0,0,330,63500
1931,3,2,13,2,0,8,1,0,151,127000
2330,3,2,8,1,0,8,1,0,262,131000
1587,3,2,8,1,0,8,1,0,52,119900
1442,3,2,8,2,0,8,0,0,26,83500
1615,3,2,5,1,0,8,1,0,125,101500
1040,3,2,5,1,0,8,0,0,87,84000
1722,3,2,1,2,0,8,0,1,1,159900
1722,3,2,1,2,0,8,0,1,22,156700
2195,3,2,45,1,0,8,1,0,20,124000
1582,3,1,35,1,0,8,0,0,34,72500
1379,3,1,45,3,0,8,0,0,91,85000
2629,3,2,63,1,0,8,1,0,413,237000
2751,3,2,63,2,0,8,1,0,28,236500
1537,3,2,45,2,0,8,1,0,23,180000
2445,3,2,63,1,0,8,1,0,9,175000
2379,3,2,63,1,0,8,0,0,219,135000
2107,3,2,63,1,0,8,0,0,4,149000
2000,3,1,80,3,0,8,0,0,0,150000
1380,3,2,80,2,0,8,1,0,10,161000
1472,3,2,63,2,0,8,1,0,16,172500
1765,3,2,45,2,0,8,0,0,154,71500
1364,3,1,45,2,0,8,0,0,7,69000
1688,3,2,45,2,0,8,0,0,10,130400
2248,3,2,80,1,0,8,0,0,247,150000
3074,3,2,8,1,0,8,0,1,14,255000
2314,3,2,25,1,0,8,1,1,191,169000
2136,3,2,80,1,0,8,1,0,154,124000
1241,3,1,45,2,0,8,0,0,28,30000
1710,3,3,45,2,0,8,0,0,7,74900
1420,3,2,1,2,0,8,0,0,9,94900
1175,3,1,25,1,0,8,0,0,68,72000
1119,3,1,35,1,0,8,1,0,49,81500
1385,3,1,35,2,0,8,0,0,25,35500
1631,4,2,5,2,0,8,0,0,36,84000
3128,4,2,45,1,0,8,1,0,6,129000
5017,4,4,45,2,0,8,1,0,3,401000
3096,4,2,18,2,0,8,1,0,28,125000
1844,4,2,35,1,0,8,0,1,728,290000
1488,4,2,63,2,0,8,0,0,29,38300
1744,4,2,25,3,0,8,0,0,28,59000
1196,2,2,1,2,0,9,1,1,106,145000
1400,2,2,1,2,0,9,0,1,106,140000
1196,2,2,1,2,0,9,0,1,106,155000
1400,2,2,1,2,0,9,0,1,106,155000
1196,2,2,1,2,0,9,0,1,106,155000
1400,2,2,1,2,0,9,0,1,106,160000
1196,2,2,1,2,0,9,0,1,106,160000
3670,3,2,45,1,0,9,1,1,35,332000
2870,3,2,45,3,0,9,1,0,73,129900
2433,3,2,35,1,0,9,1,0,1,120000
2363,3,2,25,1,0,9,0,0,19,119900
3250,3,2,25,2,0,9,1,0,34,154000
1907,3,2,25,1,0,9,1,0,3,132000
2529,3,2,25,1,0,9,1,0,19,145000
2495,3,2,25,1,1,9,1,0,3,156000
1582,3,2,8,2,0,9,1,0,31,96000
1491,3,2,2,1,0,9,0,0,34,99000
2013,3,2,2,1,0,9,1,0,6,132000
1719,3,2,2,1,0,9,1,0,43,118900
2911,3,2,2,1,0,9,1,0,157,182000
1949,3,2,1,2,0,9,1,0,0,150900
2236,3,2,1,1,0,9,1,0,9,147000
2205,3,2,1,1,0,9,1,0,112,158000
2312,3,2,1,2,0,9,1,0,166,174900
3166,3,2,25,3,1,9,1,1,71,233500
3380,3,3,13,1,1,9,1,0,14,220000
2886,3,2,45,2,0,9,1,0,68,133000
2786,3,2,25,1,0,9,0,0,23,105800
1608,3,1,45,2,0,9,0,0,110,109000
2097,3,2,13,1,0,9,1,1,44,185000
1293,3,1,35,2,0,9,1,0,80,31000
1960,3,2,35,1,0,9,1,0,21,103000
1628,3,2,35,2,0,9,1,0,28,90500
1934,3,2,1,2,0,9,1,0,463,133000
1892,3,2,35,2,0,9,1,0,124,101900
1062,3,2,1,2,0,9,0,0,115,82725
3309,4,2,8,1,0,9,1,0,38,181600
2903,4,2,35,2,0,9,0,0,44,115500
3070,4,3,25,1,1,9,1,0,91,177500
3430,4,3,25,2,0,9,1,0,15,179900
720,1,1,35,2,0,10,0,0,15,48000
1320,2,2,2,1,0,10,0,0,11,152500
1033,2,1,63,1,0,10,0,0,8,64900
2057,3,2,25,1,0,10,1,0,104,113857
2704,3,2,8,1,0,10,1,0,86,161000
2246,3,2,2,1,0,10,1,0,150,129500
3737,3,2,2,1,0,10,1,0,77,228000
2800,3,2,25,1,0,10,1,0,0,113000
2276,3,2,8,1,0,10,1,0,8,141000
2616,3,2,45,1,0,10,0,0,97,132000
1826,3,2,25,1,0,10,1,0,174,95000
1579,3,1,35,3,0,10,0,0,3,25000
3460,4,3,8,1,0,10,1,0,40,205900
2505,4,2,8,1,0,10,1,0,15,240000
3580,4,2,80,1,0,10,1,0,0,66000
7249,5,5,35,1,0,10,1,0,107,1260000
7790,5,3,18,1,0,10,1,0,119,295000
5956,5,4,8,1,1,10,1,1,5,575000
6397,5,5,8,1,0,10,1,1,245,1400000
1712,2,2,18,1,0,11,1,0,44,89900
1296,2,1,45,1,0,11,0,0,23,41000
662,2,1,25,2,0,11,0,1,323,34000
1836,3,2,25,1,0,11,0,0,45,112500
1956,3,2,25,1,0,11,0,0,59,124600
2297,3,2,25,1,0,11,1,0,12,116500
2791,3,2,18,1,1,11,1,0,39,136000
1994,3,2,25,1,0,11,1,0,13,117000
2562,3,2,18,3,0,11,1,0,123,150000
2492,3,2,18,1,0,11,1,0,17,118000
1912,3,2,18,1,0,11,1,0,7,124000
2172,3,2,18,1,0,11,1,0,25,130000
1684,3,2,18,1,0,11,1,0,10,120000
3955,3,2,18,1,0,11,0,0,32,311000
2255,3,2,18,1,0,11,1,0,180,124500
2238,3,2,18,1,0,11,1,1,27,125000
2418,3,2,13,1,0,11,1,0,7,108000
2315,3,2,13,2,0,11,1,0,21,122000
3020,3,2,13,1,0,11,1,0,48,177500
2693,3,2,8,2,0,11,1,0,9,142500
2985,3,2,8,1,0,11,1,0,128,168000
5140,3,3,8,1,0,11,1,0,89,266900
3964,3,2,8,1,0,11,1,0,15,235000
1755,3,2,8,1,0,11,1,0,5,108900
1874,3,2,8,1,0,11,1,0,48,114500
1998,3,2,5,2,0,11,1,0,14,115000
1724,3,2,5,1,0,11,1,0,2,105000
1681,3,2,5,1,0,11,1,1,4,108000
2092,3,2,2,1,0,11,1,0,2,125000
1514,3,2,5,3,0,11,0,0,49,104000
1655,3,2,5,1,0,11,0,0,7,105900
1272,3,2,5,1,0,11,0,0,9,112900
1640,3,2,2,1,0,11,0,0,49,96000
3251,3,2,2,1,0,11,0,0,5,165000
1918,3,2,2,1,0,11,0,0,49,114900
2410,3,2,2,3,0,11,0,0,72,160000
3348,3,2,2,1,0,11,1,1,126,195000
1962,3,2,18,2,0,11,1,0,16,105000
2570,3,2,13,1,1,11,0,0,7,122900
1484,3,2,18,1,0,11,1,0,20,123000
2095,3,2,25,1,0,11,1,0,32,119000
2680,3,2,25,1,1,11,1,0,9,150000
1907,3,2,25,1,0,11,1,0,28,129000
2875,3,2,25,2,0,11,1,0,14,177000
2168,3,2,18,2,0,11,1,0,0,143500
2660,3,2,35,1,0,11,0,0,6,288500
1488,3,1,63,1,0,11,0,0,93,104000
2766,3,2,63,1,0,11,0,0,89,160000
1949,3,2,63,1,0,11,0,0,25,162000
1993,3,2,80,2,0,11,0,0,18,31900
3195,3,2,25,2,1,11,1,0,63,114900
1404,3,2,2,1,0,11,1,0,96,126000
2212,3,2,5,1,0,11,1,0,56,142500
960,3,1,35,2,0,11,0,0,19,52000
2028,3,2,8,1,0,11,1,0,21,184000
1368,3,2,5,1,0,11,1,0,35,105000
1487,3,2,13,2,0,11,1,0,55,111000
1317,3,1,8,2,0,11,1,0,63,88500
2603,3,2,8,1,0,11,1,0,126,172000
2019,3,2,2,1,0,11,1,0,83,127820
1256,3,2,8,1,0,11,0,0,4,82000
1666,3,2,13,2,0,11,1,0,50,118650
2905,3,2,25,2,0,11,0,0,17,130000
1334,3,1,35,2,0,11,0,0,11,80500
3112,3,2,13,1,0,11,1,0,41,170000
1350,3,2,8,2,0,11,1,0,74,92000
2042,3,2,5,2,0,11,1,0,45,118000
3476,4,2,25,1,0,11,1,0,14,179900
2534,4,2,25,2,0,11,1,0,9,152400
2936,4,2,25,1,0,11,1,0,60,161500
4988,4,2,18,1,1,11,1,0,9,332694
3046,4,4,13,1,1,11,1,0,87,435000
2630,4,2,13,2,0,11,0,0,126,138000
3086,4,2,8,2,0,11,1,0,19,193000
3657,4,2,8,2,0,11,1,0,7,162750
3069,4,2,8,1,0,11,1,0,50,210000
3147,4,2,8,2,0,11,1,1,3,227500
2635,4,2,8,1,0,11,1,1,70,190000
4497,4,2,8,1,1,11,1,0,114,323000
4411,4,3,5,1,0,11,1,1,12,320000
3002,4,4,5,1,0,11,1,0,109,245000
4919,4,3,1,2,0,11,0,0,74,215000
4805,4,2,25,1,1,11,1,1,59,219000
3213,4,2,35,1,0,11,1,0,49,158500
3947,4,2,25,1,1,11,1,0,105,146000
4222,4,3,25,1,0,11,1,0,20,254250
3479,4,2,35,1,0,11,1,0,76,185000
3573,4,2,13,2,0,11,0,0,30,139900
3990,4,2,13,1,0,11,1,0,3,344900
1744,4,1,45,2,0,11,0,0,9,51000
4500,4,2,18,1,0,11,1,0,57,320000
2456,4,2,8,1,0,11,1,0,42,164000
3729,4,3,8,1,0,11,1,0,47,295000
1588,4,2,5,2,0,11,0,0,0,152000
4000,4,3,8,2,1,11,1,1,77,195900
2650,4,3,8,1,1,11,0,0,72,202500
3143,4,2,25,1,0,11,1,0,78,152000
2967,4,3,13,1,1,11,1,0,62,149000
4110,4,2,25,1,0,11,0,0,32,195000
3594,4,3,13,2,0,11,1,0,48,172600
2853,5,3,25,1,0,11,1,0,34,122570
4599,5,3,13,2,1,11,1,0,293,185000
7086,5,3,13,2,1,11,1,1,4,1280000
3148,5,2,25,1,0,11,0,0,13,123808
6203,7,4,25,1,1,11,1,0,28,374000
